<?xml version="1.0" encoding="UTF-8"?><?xml-stylesheet type='text/xsl' href='_UpgradeReport_Files/UpgradeReport.xslt'?><UpgradeLog>
<Properties><Property Name="Solution" Value="prim01">
</Property><Property Name="Файл решения" Value="C:\Users\7\Desktop\Аппаратные средства и контроллеры\Резерв\prim01\prim01.sln">
</Property><Property Name="Файл параметров пользователя" Value="C:\Users\7\Desktop\Аппаратные средства и контроллеры\Резерв\prim01\prim01.suo">
</Property><Property Name="Date" Value="21 октября 2013 г.">
</Property><Property Name="Time" Value="9:32">
</Property></Properties><Event ErrorLevel="0" Project="" Source="prim01.sln" Description="Успешно создана резервная копия файла C:\Users\7\Desktop\Аппаратные средства и контроллеры\Резерв\prim01\Backup\prim01.sln">
</Event><Event ErrorLevel="0" Project="" Source="prim01.suo" Description="Успешно создана резервная копия файла C:\Users\7\Desktop\Аппаратные средства и контроллеры\Резерв\prim01\Backup\prim01.suo">
</Event><Event ErrorLevel="0" Project="prim01" Source="prim01\prim01.csproj" Description="Успешно создана резервная копия файла проекта: C:\Users\7\Desktop\Аппаратные средства и контроллеры\Резерв\prim01\Backup\prim01\prim01.csproj">
</Event><Event ErrorLevel="0" Project="prim01" Source="prim01\Form1.cs" Description="Успешно создана резервная копия файла C:\Users\7\Desktop\Аппаратные средства и контроллеры\Резерв\prim01\Backup\prim01\Form1.cs">
</Event><Event ErrorLevel="0" Project="prim01" Source="prim01\Form1.Designer.cs" Description="Успешно создана резервная копия файла C:\Users\7\Desktop\Аппаратные средства и контроллеры\Резерв\prim01\Backup\prim01\Form1.Designer.cs">
</Event><Event ErrorLevel="0" Project="prim01" Source="prim01\Program.cs" Description="Успешно создана резервная копия файла C:\Users\7\Desktop\Аппаратные средства и контроллеры\Резерв\prim01\Backup\prim01\Program.cs">
</Event><Event ErrorLevel="0" Project="prim01" Source="prim01\Properties\AssemblyInfo.cs" Description="Успешно создана резервная копия файла C:\Users\7\Desktop\Аппаратные средства и контроллеры\Резерв\prim01\Backup\prim01\Properties\AssemblyInfo.cs">
</Event><Event ErrorLevel="0" Project="prim01" Source="prim01\Properties\Resources.Designer.cs" Description="Успешно создана резервная копия файла C:\Users\7\Desktop\Аппаратные средства и контроллеры\Резерв\prim01\Backup\prim01\Properties\Resources.Designer.cs">
</Event><Event ErrorLevel="0" Project="prim01" Source="prim01\Properties\Settings.Designer.cs" Description="Успешно создана резервная копия файла C:\Users\7\Desktop\Аппаратные средства и контроллеры\Резерв\prim01\Backup\prim01\Properties\Settings.Designer.cs">
</Event><Event ErrorLevel="0" Project="prim01" Source="prim01\Properties\Settings.settings" Description="Успешно создана резервная копия файла C:\Users\7\Desktop\Аппаратные средства и контроллеры\Резерв\prim01\Backup\prim01\Properties\Settings.settings">
</Event><Event ErrorLevel="0" Project="prim01" Source="prim01\Form1.resx" Description="Успешно создана резервная копия файла C:\Users\7\Desktop\Аппаратные средства и контроллеры\Резерв\prim01\Backup\prim01\Form1.resx">
</Event><Event ErrorLevel="0" Project="prim01" Source="prim01\Properties\Resources.resx" Description="Успешно создана резервная копия файла C:\Users\7\Desktop\Аппаратные средства и контроллеры\Резерв\prim01\Backup\prim01\Properties\Resources.resx">
</Event><Event ErrorLevel="1" Project="prim01" Source="prim01\prim01.csproj" Description="Этот проект рассчитан на .NET Framework версии 2.0 или 3.0. Если проект будет использовать сборки, требующие более новую версию .NET Framework, возникнет ошибка построения. Чтобы изменить версию .NET Framework, выберите пункт &quot;Свойства&quot; в меню проекта, затем выберите новую версию в раскрывающемся списке &quot;.NET Framework&quot;. (В Visual Basic этот список находится на вкладке &quot;Компиляция&quot;, открываемой при нажатии кнопки &quot;Дополнительные параметры компилятора&quot;.)">
</Event><Event ErrorLevel="0" Project="prim01" Source="prim01\prim01.csproj" Description="Проект успешно преобразован">
</Event><Event ErrorLevel="3" Project="prim01" Source="prim01\prim01.csproj" Description="Converted">
</Event><Event ErrorLevel="0" Project="" Source="prim01.sln" Description="Преобразование решения успешно завершено">
</Event><Event ErrorLevel="3" Project="" Source="prim01.sln" Description="Converted">
</Event><Event ErrorLevel="0" Project="prim01" Source="prim01\prim01.csproj" Description="Сканирование завершено: обновление для файлов проекта не требуется.">
</Event></UpgradeLog>